,no,jenis_infeksi,nama_penyakit,Jumlah,stemming
0,1,Infeksi Virus,Allergic Rhinitis (Alergi Serbuk Bunga),23,"['hidung', 'lendir', 'choncae', 'nasal', 'biru', 'bersin']"
1,2,Infeksi Virus,Allergic Rhinitis (Alergi Serbuk Bunga),23,"['hidung', 'lendir', 'demam', 'choncae', 'nasal', 'merah', 'bersin']"
2,3,Infeksi Virus,Allergic Rhinitis (Alergi Serbuk Bunga),23,"['hidung', 'bau', 'nyeri', 'hidung', 'krusta', 'hidung']"
3,4,Infeksi Virus,Allergic Rhinitis (Alergi Serbuk Bunga),23,"['gatal', 'hidung', 'mata', 'tenggorok', 'kulit', 'area', 'batuk', 'bersin', 'hidung', 'meler', 'hidung', 'sumbat', 'tenggorok', 'gatal', 'mata', 'air']"
4,5,Infeksi Virus,Allergic Rhinitis (Alergi Serbuk Bunga),23,"['bersin', 'hidung', 'meler', 'gatal', 'hidung', 'mata', 'tenggorok', 'kulit', 'area', 'batuk', 'hidung', 'sumbat', 'tenggorok', 'gatal', 'mata', 'air', 'lingkar', 'hitam', 'mata', 'sakit', 'kepala', 'terus', 'gejala', 'jenis', 'eksim', 'kulit', 'kering', 'gatal', 'lepuh', 'gatal', 'lelah']"
5,6,Infeksi Virus,Allergic Rhinitis (Alergi Serbuk Bunga),23,"['pilek', 'hidung', 'sumbat', 'gatal', 'hidung', 'bersin', 'batuk', 'mata', 'gatal', 'air', 'sakit', 'kepala']"
6,7,Infeksi Virus,Allergic Rhinitis (Alergi Serbuk Bunga),23,"['hidung', 'lendir', 'choncae', 'nasal', 'biru', 'bersin', 'gatal', 'hidung']"
7,24,Infeksi Bakteri,Appendicitis (Radang Usus Buntu),22,"['nyeri', 'perut', 'belah', 'kanan', 'nyeri', 'daerah', 'pusar', 'lemas']"
8,25,Infeksi Bakteri,Appendicitis (Radang Usus Buntu),22,"['nyeri', 'pusar', 'perut', 'tajam', 'gerak', 'perut', 'kanan', 'tanda', 'utama', 'tanda', 'hilang', 'selera', 'makan', 'mual', 'muntah', 'sakit', 'perut', 'bengkak', 'perut', 'demam', 'ketidakmampuan', 'kentut', 'flatus', 'komplikasi', 'lengket', 'perforasi']"
9,26,Infeksi Bakteri,Appendicitis (Radang Usus Buntu),22,"['nyeri', 'perut', 'belah', 'kanan', 'nyeri', 'daerah', 'pusar', 'lemas', 'susah', 'kentut']"
10,27,Infeksi Bakteri,Appendicitis (Radang Usus Buntu),22,"['demam', 'ringan', 'hilang', 'selera', 'makan', 'mual', 'muntah', 'diare', 'lendir', 'perut', 'kembung']"
11,28,Infeksi Bakteri,Appendicitis (Radang Usus Buntu),22,"['nyeri', 'perut', 'hilang', 'nafsu', 'makan', 'gejala', 'usus', 'buntu', 'mual', 'muntah', 'jalan', 'sakit']"
12,29,Infeksi Bakteri,Appendicitis (Radang Usus Buntu),22,"['hilang', 'nafsu', 'makan', 'perut', 'kembung', 'buang', 'gas', 'kentut', 'mual', 'konstipasi', 'diare', 'demam']"
13,30,Infeksi Bakteri,Appendicitis (Radang Usus Buntu),22,"['hilang', 'nafsu', 'makan', 'buang', 'gas', 'kentut', 'mual', 'konstipasi', 'diare', 'demam', 'perut', 'kembung']"
14,31,Infeksi Bakteri,Appendicitis (Radang Usus Buntu),22,"['mual', 'muntah', 'hilang', 'nafsu', 'makan', 'konstipasi', 'diare', 'kentut', 'perut', 'besar', 'demam', 'ringan']"
15,32,Infeksi Bakteri,Appendicitis (Radang Usus Buntu),22,"['nyeri', 'pusar', 'perut', 'tajam', 'gerak', 'perut', 'kanan', 'tanda', 'hilang', 'selera', 'makan', 'mual', 'muntah', 'sakit', 'perut', 'bengkak', 'perut', 'demam', 'ketidakmampuan', 'kentut', 'flatus']"
16,33,Infeksi Bakteri,Appendicitis (Radang Usus Buntu),22,"['nyeri', 'pusar', 'perut', 'nagian', 'tajam', 'gerak', 'perut', 'kanan', 'hilang', 'selera', 'makan', 'mual', 'danatau', 'muntah', 'sakit', 'perut', 'bengkak', 'perut', 'demam', 'ketidakmampuan', 'flatus', 'kentut']"
17,46,Infeksi Virus,Common cold,25,"['hidung', 'sumbat', 'bersin', 'batuk', 'sakit', 'tenggorok']"
18,47,Infeksi Virus,Common cold,25,"['meriang', 'muncul', 'sakit', 'otot', 'sesak', 'dada', 'kadang', 'serta', 'demam', 'batuk', 'hidung', 'sumbat', 'hidung', 'meler', 'batuk', 'mata', 'air', 'nyeri', 'tenggorok', 'bersin']"
19,48,Infeksi Virus,Common cold,25,"['hidung', 'sumbat', 'bersin', 'batuk', 'sakit', 'tenggorok', 'meriang', 'sesak', 'dada']"
20,49,Infeksi Virus,Common cold,25,"['batuk', 'kering', 'sakit', 'tenggorok', 'demam', 'dingin', 'keringat', 'sakit', 'kepala', 'sakit', 'otot', 'sakit', 'badan', 'lelah', 'lemah']"
21,50,Infeksi Virus,Common cold,25,"['batuk', 'hidung', 'meler', 'mata', 'air', 'tenggorok', 'sakit', 'gatal', 'bersin']"
22,88,Infeksi Bakteri,Diare,19,"['dehidrasi', 'tangan', 'kaki', 'dingin', 'kulit', 'pucat', 'jarang', 'buang', 'air', 'mudah', 'marah', 'antuk', 'demam', 'feses', 'anak', 'kandung', 'darah', 'nanah', 'feses', 'anak', 'warna', 'hitam']"
23,89,Infeksi Bakteri,Diare,19,"['feses', 'warna', 'gelap', 'tanda', 'darah', 'feses', 'mual', 'muntah', 'tidur', 'turun', 'berat', 'badan']"
24,90,Infeksi Bakteri,Faringitis (Peradangan Faring),21,"['sakit', 'tenggorok', 'demam', 'faring', 'warna', 'merah']"
25,91,Infeksi Bakteri,Faringitis (Peradangan Faring),21,"['sakit', 'tenggorok', 'demam', 'sakit', 'kepala', 'bengkak', 'kelenjar', 'getah', 'bening', 'leher']"
26,92,Infeksi Bakteri,Faringitis (Peradangan Faring),21,"['sakit', 'tenggorok', 'demam', 'faring', 'warna', 'merah', 'nyeri', 'sendi', 'otot']"
27,93,Infeksi Bakteri,Faringitis (Peradangan Faring),21,"['nyeri', 'otot', 'tenggorok', 'bengkak', 'batuk', 'badan', 'lelah', 'demam', 'pusing', 'mual', 'susah', 'tel', 'selera', 'makan', 'kurang', 'bersin', 'pilek']"
28,94,Infeksi Bakteri,Faringitis (Peradangan Faring),21,"['sakit', 'tenggorok', 'demam', 'sakit', 'kepala', 'nyeri', 'sendi', 'nyeri', 'otot', 'ruam', 'kulit', 'bengkak', 'kelenjar', 'getah', 'bening', 'leher', 'bersin', 'batuk']"
29,95,Infeksi Bakteri,Faringitis (Peradangan Faring),21,"['demam', 'suhu', 'puluh', 'delapan', 'derajat', 'celsius', 'sakit', 'kepala', 'ringan', 'lelah', 'pegal', 'panas', 'dingin', 'demam', 'suhu', 'puluh', 'delapan', 'derajat', 'celsius', 'besar', 'kelenjar', 'getah', 'bening', 'leher', 'ketiak', 'amandel', 'bengkak', 'sakit', 'kepala', 'hilang', 'selera', 'makan', 'bengkak', 'limpa', 'adang', 'hati']"
30,96,Infeksi Bakteri,Faringitis (Peradangan Faring),21,"['nyeri', 'otot', 'tenggorok', 'bengkak', 'batuk', 'badan', 'lelah', 'demam', 'pusing', 'mual', 'susah', 'tel', 'selera', 'makan', 'kurang', 'bersin', 'pilek']"
31,97,Infeksi Bakteri,Faringitis (Peradangan Faring),21,"['tenggorok', 'sakit', 'gatal', 'gejala', 'rupa', 'flu', 'bersin', 'pilek', 'sakit', 'kepala', 'lelah', 'pegal', 'panas', 'dingin', 'demam', 'ringan', 'demam', 'bengkak', 'kelenjar', 'getah', 'bening', 'nyeri', 'otot', 'hilang', 'selera', 'makan', 'ruam', 'sulit', 'tel', 'sulit', 'bicara', 'suara', 'serak', 'enak', 'mulut', 'timbul', 'gejala', 'batuk', 'dahak', 'dahak', 'kental', 'warna', 'kuning', 'hijau', 'kadang', 'bercak', 'darah', 'luka', 'tenggorok', 'sebab', 'infeksi', 'bakteri', 'sebab', 'bengkak', 'amandel', 'nyeri', 'kadang', 'gatal']"
32,98,Infeksi Bakteri,Faringitis (Peradangan Faring),21,"['gatal', 'sakit', 'tenggorok', 'gejala', 'flu', 'bersin', 'hidung', 'air', 'sakit', 'kepala', 'batuk', 'lelah', 'nyeri', 'otot', 'demam', 'terkadang', 'nyeri', 'telinga', 'laring', 'serang', 'suara', 'idap', 'alami', 'suara', 'serak', 'sulit', 'tel', 'napas', 'buka', 'mulut']"
33,99,Infeksi Bakteri,Faringitis (Peradangan Faring),21,"['sakit', 'tenggorok', 'kering', 'gatal', 'bersin', 'pilek', 'sakit', 'kepala', 'batuk', 'lelah', 'pegal', 'gigil', 'demam', 'ringan', 'demam']"
34,111,Infeksi Bakteri,Gingivitis (Radang Gusi),17,"['gusi', 'bengkak', 'gusi', 'merah', 'gusi', 'darah']"
35,112,Infeksi Bakteri,Gingivitis (Radang Gusi),17,"['naik', 'cair', 'gingival', 'gusi', 'merah', 'bengkak', 'darah', 'gosok', 'gigi', 'periksa', 'gigi', 'konsistensi', 'lunak']"
36,113,Infeksi Virus,Gingivitis (Radang Gusi),17,"['gusi', 'mudah', 'darah', 'sikat', 'gigi', 'bersih', 'gigi', 'benang', 'flossing', 'warna', 'gusi', 'merah', 'hitam', 'bau', 'napas', 'sedap', 'nyeri', 'kunyah', 'makan', 'gusi', 'susut', 'akar', 'gigi', 'nanah', 'gigi', 'gusi', 'gigi', 'palsu', 'pas', 'gigi', 'tanggal', 'copot']"
37,114,Infeksi Virus,Gingivitis (Radang Gusi),17,"['gusi', 'bengkak', 'gusi', 'merah', 'gusi', 'darah', 'bau', 'napas', 'sedap']"
38,115,Infeksi Virus,Gingivitis (Radang Gusi),17,"['naik', 'cair', 'gingival', 'gusi', 'gusi', 'merah', 'bengkak', 'darah', 'gosok', 'gigi', 'periksa', 'gigi', 'konsistensi', 'lunak', 'bau', 'nafas', 'sedap']"
39,116,Infeksi Virus,Gonore (Kencing Nanah),25,"['asimptomatik', 'uretritis', 'liput', 'disuria', 'rabas', 'uretra', 'purulen', 'serta', 'warna', 'merah', 'bengkak', 'infeksi', 'gambar', 'klinis', 'variasi', 'kena', 'uretra', 'disuria', 'kencing', 'inkontinensia', 'urine', 'rabas', 'purulen', 'gatal', 'merah', 'edema', 'meatus', 'uretra', 'vulva', 'kadang', 'gatal', 'bakar', 'nyeri', 'sebab', 'eksudat', 'daerah', 'infeksi', 'dekat', 'vagina', 'distensi', 'eritema', 'bengkak', 'hati', 'nyeri', 'abdomen', 'kuadran', 'kanan', 'pelvis', 'nyeri', 'hebat', 'pelvik', 'abdomen', 'rigiditas', 'otot', 'nyeri', 'tekan', 'distensi', 'abdomen', 'nausea', 'vomitus', 'panas', 'takikardia', 'pasien', 'salpingitis', 'sakit', 'adang', 'pelvik']"
40,117,Infeksi Virus,Gonore (Kencing Nanah),25,"['asimptomatik', 'inflamasi', 'rabas', 'warna', 'kuning', 'hijau', 'serviks', 'gambar', 'klinis', 'variasi', 'kena', 'uretra', 'disuria', 'kencing', 'inkontinensia', 'urine', 'rabas', 'purulen', 'gatal', 'merah', 'edema', 'meatus', 'uretra', 'vulva', 'kadang', 'gatal', 'bakar', 'nyeri', 'sebab', 'eksudat', 'daerah', 'infeksi', 'dekat', 'vagina', 'distensi', 'eritema', 'bengkak', 'hati', 'nyeri', 'abdomen', 'kuadran', 'kanan', 'pelvis', 'nyeri', 'hebat', 'pelvik', 'abdomen', 'rigiditas', 'otot', 'nyeri', 'tekan', 'distensi', 'abdomen', 'nausea', 'vomitus', 'panas', 'takikardia', 'pasien', 'salpingitis', 'sakit', 'adang', 'pelvik']"
41,118,Infeksi Virus,Gonore (Kencing Nanah),25,"['faringitis', 'tonsilitis', 'bakar', 'rektum', 'gatal', 'rabas', 'mukopurulen', 'darah', 'gambar', 'klinis', 'variasi', 'kena', 'uretra', 'disuria', 'kencing', 'inkontinensia', 'urine', 'rabas', 'purulen', 'gatal', 'merah', 'edema', 'meatus', 'uretra', 'vulva', 'kadang', 'gatal', 'bakar', 'nyeri', 'sebab', 'eksudat', 'daerah', 'infeksi', 'dekat', 'vagina', 'distensi', 'eritema', 'bengkak', 'hati', 'nyeri', 'abdomen', 'kuadran', 'kanan', 'pelvis', 'nyeri', 'hebat', 'pelvik', 'abdomen', 'rigiditas', 'otot', 'nyeri', 'tekan', 'distensi', 'abdomen', 'nausea', 'vomitus', 'panas', 'takikardia', 'pasien', 'salpingitis', 'sakit', 'adang', 'pelvik']"
42,119,Infeksi Virus,Gonore (Kencing Nanah),25,"['nyeri', 'kencing', 'kencing', 'nanah', 'demam', 'riwayat', 'seks', 'bebas', 'oral', 'seks']"
43,125,Infeksi Virus,Hepatitis,17,"['nyeri', 'perut', 'belah', 'kanan', 'perut', 'begahkembung', 'pipis', 'teh', 'feses', 'warna', 'pucat']"
44,126,Infeksi Virus,Hepatitis,17,"['demam', 'letih', 'nafsu', 'makan', 'buruk', 'lelah', 'mual', 'muntah', 'nyeri', 'lambung', 'nyeri', 'sendi', 'otot', 'urin', 'gelap', 'teh', 'feses', 'warna', 'putih', 'dempul', 'warna', 'kulit', 'putih', 'mata', 'kuning', 'sakit', 'kuning', 'gatal', 'ubah', 'mental', 'sadar', 'koma', 'darah', 'tubuh']"
45,127,Infeksi Virus,Hepatitis,17,"['nyeri', 'perut', 'belah', 'kanan', 'perut', 'begahkembung', 'pipis', 'warna', 'urine', 'teh', 'feses', 'warna', 'pucat']"
46,128,Infeksi Virus,Hepatitis,17,"['flu', 'mual', 'lemas', 'hilang', 'nafsu', 'makan', 'nyeri', 'perut', 'mata', 'kulit', 'warna', 'kuning', 'tinja', 'warna', 'pucat', 'urine', 'warna', 'gelap', 'terkadang', 'rasa', 'gejala']"
47,129,Infeksi Virus,Hepatitis,17,"['alami', 'gejala', 'flu', 'mual', 'muntah', 'demam', 'lemas', 'feses', 'warna', 'pucat', 'mata', 'kulit', 'ubah', 'kuning', 'jaundice', 'tingkat', 'bilirubin', 'darah', 'nyeri', 'perut', 'berat', 'badan', 'turun', 'urine', 'gelap', 'teh', 'hilang', 'nafsu', 'makan']"
48,130,Infeksi Virus,Hepatitis,17,"['ubah', 'warna', 'mata', 'kulit', 'kuning', 'demam', 'lemas', 'mual', 'muntah', 'warna', 'urine', 'gelap', 'warna', 'tinja', 'pucat']"
49,145,Infeksi Fungus,Herpes Zoster,18,"['bintil', 'muncul', 'cacar', 'air', 'salah', 'sisi', 'tubuh', 'kanan', 'kiri', 'bintil', 'jaring', 'bintil', 'bengkak', 'bintil', 'kembang', 'luka', 'lepuh', 'luka', 'lepuh', 'pecah', 'luka', 'kerak', 'hilang', 'perlahan', 'bintil', 'timbul', 'area', 'mata', 'ganggu', 'lihat', 'demam', 'sakit', 'kepala', 'lemas', 'silau', 'cahaya']"
50,146,Infeksi Fungus,Herpes Zoster,18,"['demam', 'nyeri', 'vesikel', 'sebar', 'sesuai', 'dermatom', 'warna', 'merah', 'timbul', 'bintil']"
51,147,Infeksi Fungus,Herpes Zoster,18,"['nyeri', 'dermatom', 'saraf', 'priritis', 'estesia', 'batang', 'tubuh', 'lesi', 'kulit', 'kecil', 'warna', 'merah']"
52,148,Infeksi Fungus,Histoplasmosis (Infeksi Jamur Paru-Paru),15,"['asimptomatik', 'sebab', 'gejala', 'sakit', 'napas', 'ringan', 'selesma', 'berat', 'influenza', 'demam', 'malaise', 'sakit', 'kepala', 'mialgia', 'anoreksia', 'batuk', 'nyeri', 'dada', 'anemia', 'leukopenia', 'trombositopenia', 'ulkus', 'orofaring']"
53,149,Infeksi Fungus,Histoplasmosis (Infeksi Jamur Paru-Paru),15,"['hepatosplenomegali', 'limfadenopati', 'generalisata', 'anoreksia', 'turun', 'berat', 'badan', 'demam', 'ulserasi', 'lidah', 'palatum', 'epiglotis', 'laring', 'timbul', 'nyeri', 'suara', 'parau', 'disfagia']"
54,150,Infeksi Fungus,Histoplasmosis (Infeksi Jamur Paru-Paru),15,"['batuk', 'produktif', 'dispnea', 'kadang', 'hemoptisis', 'turun', 'berat', 'badan', 'lemah', 'ekstrem', 'sesak', 'napas', 'sianosis']"
55,151,Infeksi Virus,Histoplasmosis (Infeksi Jamur Paru-Paru),15,"['nodul', 'papula', 'ulkus', 'kutaneus', 'lesi', 'kranium', 'tulang', 'limfadenopati', 'lesi', 'viseral', 'lesi', 'pulmoner']"
56,152,Infeksi Virus,Histoplasmosis (Infeksi Jamur Paru-Paru),15,"['anemia', 'ulkus', 'orofaring', 'sakit', 'napas', 'ringan', 'salesma', 'berat', 'influenza']"
57,153,Infeksi Virus,Histoplasmosis (Infeksi Jamur Paru-Paru),15,"['demam', 'nyeri', 'otot', 'sesak', 'napas', 'sakit', 'kepala', 'batuk', 'kering', 'gigil', 'nyeri', 'sendi', 'ruam', 'kulit']"
58,154,Infeksi Virus,Histoplasmosis (Infeksi Jamur Paru-Paru),15,"['anemia', 'ulkus', 'orofaring', 'sakit', 'napas', 'ringan', 'salesma', 'berat', 'influenza', 'batuk', 'kering']"
59,185,Infeksi Bakteri,Infeksi HIV,25,"['sakit', 'tenggorok', 'demam', 'muncul', 'ruam', 'tubuh', 'biasanyanya', 'gatal', 'bengkak', 'noda', 'limfa', 'turun', 'berat', 'badan', 'diare', 'mudah', 'lelah', 'tulang', 'nyeri', 'nyeri', 'otot', 'bengkak', 'kelenjar', 'getah', 'bening', 'leher', 'pangkal', 'paha', 'demam', 'berat', 'badan', 'turun', 'sebab', 'sesak', 'napas', 'diare', 'lanjut', 'infeksi', 'jamur', 'mulut', 'tenggorok', 'alat', 'kelamin', 'mudah', 'memar', 'darah']"
60,186,Infeksi Bakteri,Infeksi HIV,25,"['demam', 'lelah', 'pegal', 'nyeri', 'otot', 'sendi', 'bengkak', 'kelenjar', 'getah', 'bening', 'sakit', 'tenggorok', 'sakit', 'kepala', 'ruam', 'kulit', 'mual', 'muntah', 'diare', 'turun', 'berat', 'badan', 'batuk', 'kering', 'pneumonia', 'keringat', 'malam', 'ubah', 'kuku', 'infeksi', 'jamur', 'bingung', 'sulit', 'konsentrasi', 'herpes', 'mulut', 'herpes', 'kelamin', 'semut', 'lemah', 'menstruasi', 'atur']"
61,187,Infeksi Bakteri,Infeksi HIV,25,"['bingung', 'ubah', 'pribadi', 'turun', 'mampu', 'mental', 'sariawan', 'tanda', 'lapis', 'putih', 'tebal', 'lidah', 'mulut', 'sariawan', 'sebab', 'infeksi', 'jamur', 'infeksi', 'jamur', 'vagina', 'parah', 'ulang', 'sakit', 'radang', 'panggul', 'kronis', 'infeksi', 'parah', 'alami', 'lelah', 'ekstrem', 'sebab', 'muncul', 'sama', 'sakit', 'kepala', 'pusing', 'turun', 'berat', 'badan', 'sebab', 'olahraga', 'diet', 'mudah', 'alami', 'memar', 'diare', 'demam', 'keringat', 'malam', 'bengkak', 'keras', 'kelenjar', 'getah', 'bening', 'letak', 'tenggorok', 'ketiak', 'pangkal', 'paha', 'batuk', 'kering', 'terus', 'alami', 'sesak', 'napas', 'darah', 'kulit', 'mulut', 'hidung', 'anus', 'vagina', 'sebab', 'ruam', 'kulit', 'mati', 'parah', 'nyeri', 'tangan', 'kaki', 'hilang', 'kendali', 'otot', 'refleks', 'lumpuh', 'hilang', 'kuat', 'otot']"
62,188,Infeksi Bakteri,Infeksi Klamidia,16,"['erosi', 'serviks', 'dispareunia', 'sekret', 'mikropurulen', 'nyeri', 'pelvik']"
63,189,Infeksi Bakteri,Infeksi Klamidia,16,"['nyeri', 'nyeri', 'tekan', 'abdomen', 'serviks', 'uterus', 'limfonodus', 'mengigil', 'panas', 'darah', 'vaginam', 'darah', 'hubung', 'intim', 'keluar', 'sekret', 'vagina', 'disuria']"
64,190,Infeksi Bakteri,Infeksi Klamidia,16,"['disuria', 'piuria', 'kencing', 'urinary', 'frequency']"
65,191,Infeksi Bakteri,Infeksi Klamidia,16,"['disuria', 'eritema', 'nyeri', 'tekan', 'meatus', 'uretra', 'kencing', 'pruritus', 'sekret', 'uretra', 'purulen', 'jernih', 'mukoid']"
66,192,Infeksi Bakteri,Infeksi Klamidia,16,"['bengkak', 'skrotum', 'nyeri', 'sekret', 'uretra']"
67,193,Infeksi Bakteri,Infeksi Klamidia,16,"['nyeri', 'punggung', 'kencing', 'nokturia', 'disuria', 'ejakulasi', 'nyeri']"
68,208,Infeksi Protozoa,Infeksi Saluran Kemih,24,"['kencing', 'nyeri', 'daerah', 'perut', 'demam', 'sakit', 'kencing']"
69,209,Infeksi Protozoa,Infeksi Saluran Kemih,24,"['nyeri', 'kemih', 'kencing', 'urin', 'bau', 'nyeri', 'suprapubic']"
70,210,Infeksi Protozoa,Infeksi Saluran Kemih,24,"['sakit', 'bakar', 'kencing', 'nyeri', 'tekan', 'perut', 'urin', 'bau', 'amis', 'warna', 'keruh', 'kencing', 'darah', 'buang', 'air', 'demam', 'ringan']"
71,211,Infeksi Protozoa,Infeksi Saluran Kemih,24,"['nyeri', 'kemih', 'kencing', 'urin', 'bau', 'amis', 'warna', 'keruh', 'nyeri', 'suprapubic']"
72,212,Infeksi Protozoa,Konjungtivitis (Penyakit Mata Merah),24,"['hiperemia', 'konjungtiva', 'sekret', 'lakrimasi', 'nyeri', 'fotofobia', 'kornea', 'kena', 'gatal', 'panas', 'bakar', 'catat', 'gejala', 'infeksi', 'virus']"
73,213,Infeksi Protozoa,Konjungtivitis (Penyakit Mata Merah),24,"['mata', 'lengket', 'mata', 'air', 'pandang', 'kabur', 'kelopak', 'mata', 'bengkak']"
74,214,Infeksi Protozoa,Konjungtivitis (Penyakit Mata Merah),24,"['nyeri', 'fotofobia', 'gatal', 'panas', 'bakar']"
75,215,Infeksi Protozoa,Konjungtivitis (Penyakit Mata Merah),24,"['mata', 'merah', 'benjol', 'kelopak', 'kanan', 'serta', 'nyeri', 'merah', 'secret', 'mukopurulen', 'gatal', 'air']"
76,216,Infeksi Protozoa,Konjungtivitis (Penyakit Mata Merah),24,"['mata', 'merah', 'putih', 'bola', 'mata', 'kelopak', 'mata', 'lihat', 'dal', 'batas', 'normal', 'gatal', 'bengkak', 'mata', 'air', 'nyeri', 'perih', 'mata', 'sensasi', 'mata', 'pasir', 'sensitif', 'cahaya']"
77,245,Infeksi Bakteri,Malaria,28,"['demam', 'sakit', 'kepala', 'mual', 'muntah', 'keringat', 'gigil']"
78,246,Infeksi Bakteri,Malaria,28,"['flu', 'sakit', 'kepala', 'demam', 'gigil', 'nyeri', 'sendi', 'muntah', 'anemia', 'hemolitik', 'sakit', 'kuning', 'hemoglobin', 'urin', 'rusa', 'retina', 'kejang']"
79,247,Infeksi Bakteri,Malaria,28,"['demam', 'sakit', 'kepala', 'muntah', 'diare', 'nyeri', 'otot', 'mual', 'kejang', 'darah', 'tinja', 'keringat', 'lebih', 'panas', 'dingin', 'parah', 'kadar', 'gula', 'darah', 'turun']"
80,248,Infeksi Bakteri,Meningitis,16,"['demam', 'gigil', 'sakit', 'kepala', 'kaku', 'kuduk', 'vomitus', 'fotofobia', 'letargi', 'koma', 'tanda', 'brudzinski', 'kemig', 'positif', 'refleks', 'tendon', 'tingkat', 'simetris', 'serta', 'gejala', 'opistotonos', 'tekan', 'nadi', 'lebar', 'bradikardia', 'ruam', 'kadang', 'catat', 'meningitis', 'sebab', 'infeksi', 'virus', 'protozoa', 'fungus']"
81,249,Infeksi Bakteri,Meningitis,16,"['kaku', 'kuduk', 'turun', 'sadar', 'muntah', 'proyektil', 'sakit', 'kepala']"
82,250,Infeksi Bakteri,Meningitis,16,"['demam', 'gigil', 'sakit', 'kepala', 'kaku', 'kuduk', 'muntah', 'letargi', 'brakikardi', 'ruam', 'kadang']"
83,251,Infeksi Bakteri,Meningitis,16,"['demam', 'gigil', 'sakit', 'kepala', 'kaku', 'kuduk', 'muntah', 'letargi', 'brakikardi', 'ruam', 'kadang', 'demam', 'leher', 'kaku', 'sakit', 'kepala', 'berat', 'kejang', 'sensitif', 'cahaya', 'sulit', 'konsentrasi', 'tidur', 'lelap', 'ruam', 'nafsu', 'makan', 'kurang']"
84,252,Infeksi Bakteri,Meningitis,16,"['demam', 'sakit', 'kepala', 'terus', 'mual', 'muntah', 'sensitif', 'cahaya', 'silau', 'sakit', 'kepala', 'parah', 'leher', 'kaku', 'pingsan']"
85,253,Infeksi Bakteri,Meningitis,16,"['demam', 'gigil', 'bayi', 'lahir', 'anak', 'ubah', 'kondisi', 'mental', 'bingung', 'linglung', 'mual', 'muntah', 'sensitif', 'cahaya', 'silau', 'photophobia', 'sakit', 'kepala', 'parah', 'leher', 'kaku', 'kaku', 'kuduk', 'pingsan', 'demam', 'sakit', 'kepala', 'berat', 'henti', 'linglung', 'muntah', 'leher', 'kaku']"
86,254,Infeksi Bakteri,Meningitis,16,"['flu', 'kejang', 'kaku', 'leher', 'sakit', 'kepala', 'kaku', 'kuduk', 'demam']"
87,255,Infeksi Bakteri,Meningitis,16,"['demam', 'leher', 'kaku', 'sakit', 'kepala', 'berat', 'kejang', 'sensitif', 'cahaya', 'sulit', 'konsentrasi', 'tidur', 'lelap', 'ruam', 'nafsu', 'makan', 'kurang']"
88,279,Infeksi Bakteri,Otitis media,16,"['nyeri', 'telinga', 'drainase', 'telinga', 'vertigo', 'pusing', 'kepala', 'seba', 'tinitus']"
89,280,Infeksi Bakteri,Penyakit Lyme,20,"['erythema', 'chronicum', 'migrans', 'ecm', 'makula', 'papula', 'warna', 'merah', 'temu', 'gigit', 'kutu', 'tumbuh', 'ukur', 'inci', 'aba', 'panas', 'gatal', 'rupa', 'mata', 'sapi', 'timbul', 'lesi', 'muncul', 'ruam', 'rupa', 'cincin', 'pindah', 'konjungtivitis', 'urtikaria', 'difus', 'lesi', 'ganti', 'bercak', 'warna', 'merah', 'minggu', 'malaise', 'letih', 'sakit', 'kepala', 'kambuh', 'kaku', 'leher', 'demam', 'gigil', 'pegal', 'limfadenopati', 'regional']"
90,281,Infeksi Bakteri,Penyakit Lyme,20,"['meningoensefalitis', 'berfluktuasi-kelainan', 'neurologi', 'serta', 'neuropati', 'perifer', 'kranial', 'tanda', 'klinis', 'minggu', 'paralisis', 'fasialis', 'lain', 'jantung', 'atrioventricular', 'heart', 'block', 'fluktuasi', 'singkat', 'disfungsi', 'ventrikel', 'kiri', 'kardiomegali']"
91,282,Infeksi Bakteri,Penyakit Lyme,20,"['artritis', 'serta', 'bengkak', 'nyata', 'tanda', 'klinis', 'minggu', 'gejala', 'neuropsikiatri', 'perilaku', 'psikotik', 'hilang', 'daya', 'demensia', 'depresi', 'gejala', 'ensefalopati', 'sakit', 'kepala', 'konfusi', 'sulit', 'berkonsenterasi', 'manifestasi', 'oftalmikus', 'irit', 'keratitis', 'vaskulitis', 'retina', 'neuritis', 'nervus', 'optikum']"
92,283,Infeksi Bakteri,Pneumonia (Radang Paru-Paru),17,"['suhu', 'tubuh', 'batuk', 'serta', 'sputum', 'purulen', 'warna', 'kuning', 'darah', 'dispnea', 'ronki', 'serta', 'turun', 'bunyi', 'napas', 'nyeri', 'pleuritik', 'mengigil', 'malaise', 'takipnea', 'pneumonia', 'sebab', 'infeksi', 'fungus', 'protozoa']"
93,284,Infeksi Bakteri,Pneumonia (Radang Paru-Paru),17,"['demam', 'gigil', 'suhu', 'tubuh', 'tingkat', 'batuk', 'dahak', 'kadang', 'serta', 'darah', 'sesak', 'nafas', 'nyeri', 'dada']"
94,285,Infeksi Bakteri,Pneumonia (Radang Paru-Paru),17,"['demam', 'gigil', 'batuk', 'produktif', 'sputum', 'amis', 'sputum', 'kuning', 'hijau']"
95,286,Infeksi Bakteri,Pneumonia (Radang Paru-Paru),17,"['suhu', 'tubuh', 'batuk', 'serta', 'sputum', 'purulent', 'warna', 'kuning', 'darah', 'dipnea', 'ronki', 'serta', 'turun', 'bunyi', 'napas']"
96,287,Infeksi Bakteri,Pneumonia (Radang Paru-Paru),17,"['nyeri', 'dada', 'sesak', 'napas', 'hilang', 'berat', 'badan', 'lemas', 'demam', 'napas', 'bau', 'keringat', 'malam']"
97,288,Infeksi Virus,Pneumonia (Radang Paru-Paru),17,"['demam', 'keringat', 'gigil', 'batuk', 'kering', 'batuk', 'dahak', 'kental', 'warna', 'kuning', 'hijau', 'serta', 'darah', 'sesak', 'napas', 'nyeri', 'dada', 'tarik', 'napas', 'batuk', 'mual', 'muntah', 'diare', 'selera', 'makan', 'turun']"
98,289,Infeksi Virus,Pneumonia (Radang Paru-Paru),17,"['demam', 'gigil', 'suhu', 'tubuh', 'tingkat', 'batuk', 'dahak', 'sputum', 'kadang', 'serta', 'darah', 'sesak', 'nafas', 'nyeri', 'dada']"
99,290,Infeksi Virus,Pneumonia (Radang Paru-Paru),17,"['demam', 'gigil', 'batuk', 'produktif', 'sputum', 'dahak', 'amis', 'sputum', 'dahak', 'kuning', 'hijau']"
100,310,Infeksi Bakteri,Rubela (Campak Jerman),17,"['sakit', 'kepala', 'iritasi', 'ringan', 'mata', 'demam', 'hidung', 'sumbat', 'ruam', 'bentuk', 'bintik', 'merah', 'muncul', 'kulit', 'wajah', 'sebar', 'badan', 'tangan', 'kaki', 'nyeri', 'sendi']"
101,311,Infeksi Bakteri,Rubela (Campak Jerman),17,"['ruam', 'merah', 'muda', 'merah', 'awal', 'wajah', 'sebar', 'tubuh', 'demam', 'ringan', 'bengkak', 'kelenjar', 'getah', 'bening', 'lunak', 'sentuh', 'sakit', 'kepala', 'nyeri', 'otot', 'mata', 'merah']"
102,312,Infeksi Bakteri,Rubela (Campak Jerman),17,"['ruam', 'merah', 'gatal', 'hilang', 'gejala', 'muncul', 'sakit', 'kepala', 'pegal', 'nafsu', 'makan', 'mata', 'merah', 'hidung', 'air', 'nyeri', 'sendi']"
103,313,Infeksi Bakteri,Rubela (Campak Jerman),17,"['bengkak', 'kelenjar', 'getah', 'bening', 'telinga', 'kepala', 'badan', 'panas', 'suhu', 'puluh', 'delapan', 'derajat', 'celcius', 'badan', 'gigil', 'terkadang', 'adang', 'nyeri', 'sendi']"
104,314,Infeksi Bakteri,Rubela (Campak Jerman),17,"['demam', 'ringan', 'kepala', 'pusing', 'hidung', 'sumbat', 'mata', 'merah', 'radang', 'bengkak', 'kelenjar', 'limfa', 'telinga', 'leher', 'ruam', 'warna', 'merah', 'jambu', 'sebar', 'muka', 'wajah', 'tubuh']"
105,327,Infeksi Bakteri,Tetanus,15,"['lelah', 'kujur', 'tubuh', 'keringat', 'dingin', 'sulit', 'tel', 'sensitif', 'takut', 'air', 'hidrofobia', 'produksi', 'air', 'liur', 'kejang', 'otot', 'punggung', 'buang', 'air', 'retensi', 'urin', 'suhu', 'tubuh', 'tingkat', 'hipertermia', 'detak', 'jantung', 'atur', 'aritmia', 'nyeri', 'tubuh']"
106,328,Infeksi Bakteri,Tetanus,15,"['tingkat', 'kadar', 'neutrofil', 'salah', 'jenis', 'sel', 'darah', 'putih', 'kejang', 'otot', 'semut', 'kejang', 'otot', 'sakit', 'minggu', 'demam', 'luka', 'keluar', 'nanah', 'bengkak', 'tubuh']"
107,329,Infeksi Bakteri,Tetanus,15,"['sakit', 'kepala', 'lihat', 'ganggu', 'kejang', 'otot', 'sakit', 'mata']"
108,330,Infeksi Bakteri,Tetanus,15,"['kejang', 'kaku', 'otot', 'rahang', 'trismus', 'kaku', 'otot', 'leher', 'sulit', 'tel', 'otot', 'perut', 'kaku', 'kejang', 'tubuh', 'sakit', 'menit', 'picu', 'jadi', 'suara', 'angin', 'suara', 'keras', 'sentuh', 'fisik', 'cahaya', 'demam', 'keringat', 'tekan', 'darah', 'detak', 'jantung', 'jalan', 'cepat']"
109,331,Infeksi Bakteri,Tetanus,15,"['kontraksi', 'otot', 'serta', 'nyeri', 'rahang', 'leher', 'sebab', 'milik', 'riwayat', 'luka', 'kaku', 'otot', 'rahang', 'akibat', 'mulut', 'sulit', 'buka', 'otot', 'muka', 'kaku', 'wajah', 'mering', 'sakit', 'tetanus', 'serta', 'kejang', 'terkadang', 'serta', 'panas']"
110,332,Infeksi Bakteri,Tetanus,15,"['sukar', 'buka', 'mulut', 'sulit', 'tel', 'kunyah', 'makan', 'kaku', 'kejang', 'otot', 'tubuh', 'perut', 'keras', 'papan', 'kejang', 'serta', 'turun', 'sadar', 'pasien']"
111,333,Infeksi Bakteri,Tetanus,15,"['sukar', 'buka', 'mulut', 'kaku', 'kejang', 'otot', 'tubuh', 'kaku', 'otot', 'kunyah', 'otot', 'rangka', 'akibat', 'pasien', 'keluh', 'sulit', 'buka', 'mulut', 'otot', 'dinding', 'perut', 'punggung', 'keras', 'papan']"
112,334,Infeksi Bakteri,Tuberkulosis (TBC),21,"['demam', 'keringat', 'malam', 'batuk', 'produktif', 'minggu', 'hemoptisis', 'malaise', 'adenopati', 'turun', 'berat', 'badan', 'nyeri', 'dada', 'pleuritik', 'gejala', 'obstruksi', 'salur', 'napas', 'lesi', 'nodus', 'limfe']"
113,335,Infeksi Bakteri,Tuberkulosis (TBC),21,"['batuk', 'minggu', 'sesak', 'napas', 'nyeri', 'dada', 'dahak', 'darah', 'keringat', 'malam', 'nafsu', 'makan', 'kurang', 'berat', 'badan', 'turun']"
114,336,Infeksi Bakteri,Tuberkulosis (TBC),21,"['demam', 'keringat', 'malam', 'batuk', 'nyeri', 'dada', 'pleuritic', 'obstruksi', 'salur', 'napas']"
115,337,Infeksi Bakteri,Tuberkulosis (TBC),21,"['batuk', 'tahap', 'batuk', 'hasil', 'dahak', 'warna', 'abu', 'kuning', 'campur', 'darah', 'perhati', 'turun', 'berat', 'badan', 'lelah', 'demam', 'keringat', 'malam', 'salah', 'tubuh', 'lindung', 'darpenyakit', 'keringat', 'malam', 'demam', 'sebab', 'keringat', 'limpah', 'ikut', 'gigil', 'panas', 'dingin', 'hilang', 'nafsu', 'makan', 'amat', 'urine', 'ubah', 'warna', 'merah', 'urine', 'keruh']"
116,338,Infeksi Bakteri,Tuberkulosis (TBC),21,"['batuk', 'minggu', 'sesak', 'napas', 'nyeri', 'dada', 'dahak', 'darah', 'keringat', 'malam', 'nafsu', 'makan', 'kurang', 'berat', 'badan', 'turun', 'urine', 'warna', 'merah']"
117,363,Infeksi Bakteri,Typhoid (Tifus),23,"['demam', 'tingkat', 'perlahan', 'sore', 'tubuh', 'gigil', 'denyut', 'jantung', 'lemah', 'bradycardia', 'badan', 'lemah', 'weakness', 'sakit', 'kepala', 'hebat', 'malam', 'kepala', 'nyeri', 'otot', 'mialgia', 'hilang', 'nafsu', 'makan', 'konstipasi', 'sakit', 'perut', 'muncul', 'sebar', 'flek', 'merah', 'muda', 'rose', 'spots']"
118,364,Infeksi Bakteri,Typhoid (Tifus),23,"['demam', 'lama', 'tingkat', 'puluh', 'derajat', 'celcius', 'sakit', 'kepala', 'batuk', 'tubuh', 'lemas', 'mimisan', 'demam', 'lanjut', 'buruk', 'igau', 'demam', 'sakit', 'perut', 'diare', 'sembelit', 'perut', 'kembung', 'bengkak', 'hati', 'empedu', 'tinja', 'warna', 'hijau']"
119,365,Infeksi Bakteri,Typhoid (Tifus),23,"['demam', 'sakit', 'kepala', 'nyeri', 'otot', 'sakit', 'perut', 'nafsu', 'makan', 'sembelit', 'diare', 'kecendrungannya', 'sembelit', 'dewasa', 'diare', 'anak', 'ruam', 'bintik', 'warna', 'merah', 'muda', 'pegal', 'lemas', 'bingung', 'disorientasi', 'lingkung']"
120,366,Infeksi Virus,Typhoid (Tifus),23,"['demam', 'tingkat', 'tahap', 'capai', 'puluh', 'sembilan', 'puluh', 'derajat', 'celcius', 'demam', 'malam', 'nyeri', 'otot', 'sakit', 'kepala', 'enak', 'badan', 'besar', 'ginjal', 'hati', 'lelah', 'lemas', 'keringat', 'batuk', 'kering', 'turun', 'berat', 'badan', 'sakit', 'perut', 'hilang', 'nafsu', 'makan', 'anak', 'alami', 'diare', 'orang', 'dewasa', 'cenderung', 'alami', 'konstipasi', 'muncul', 'ruam', 'kulit', 'bintik', 'warna', 'merah', 'muda', 'linglung']"
121,367,Infeksi Virus,Typhoid (Tifus),23,"['demam', 'tingkat', 'demam', 'malam', 'nyeri', 'otot', 'sakit', 'kepala', 'enak', 'badan', 'besar', 'ginjal', 'hati', 'lelah', 'lemas', 'keringat', 'batuk', 'kering', 'turun', 'berat', 'badan', 'sakit', 'perut', 'hilang', 'nafsu', 'makan', 'anak', 'alami', 'diare', 'orang', 'dewasa', 'cenderung', 'alami', 'konstipasi', 'muncul', 'ruam', 'kulit', 'bintik', 'warna', 'merah', 'muda', 'linglung']"
122,368,Infeksi Virus,Typhoid (Tifus),23,"['demam', 'tingkat', 'capai', 'puluh', 'derajat', 'celcius', 'sakit', 'kepala', 'lemah', 'lelah', 'nyeri', 'otot', 'keringat', 'batuk', 'kering', 'hilang', 'nafsu', 'makan', 'turun', 'berat', 'badan', 'sakit', 'perut', 'diare', 'sembelit', 'ruam', 'perut', 'bengkak', 'igau', 'baring', 'lemah', 'mata', 'tutup']"
123,369,Infeksi Bakteri,Typhoid (Tifus),23,"['demam', 'rendah', 'lama', 'tingkat', 'sakit', 'kepala', 'lemah', 'lelah', 'batuk', 'kering', 'nafsu', 'makan', 'sakit', 'perut', 'diare', 'sembelit', 'ruam']"
124,370,Infeksi Bakteri,Typhoid (Tifus),23,"['demam', 'hilang', 'nafsu', 'makan', 'batuk', 'kering', 'diare', 'ruam', 'warna', 'merah', 'mual', 'muntah']"
125,371,Infeksi Bakteri,Typhoid (Tifus),23,"['demam', 'mudah', 'keringat', 'tubuh', 'mudah', 'lemas', 'ganggu', 'cerna', 'sakit', 'perut', 'hilang', 'nafsu', 'makan', 'sakit', 'kepala']"
126,384,Infeksi Bakteri,Infeksi Saluran Kemih,24,"['malu', 'bakar', 'buang', 'air', 'air', 'seni', 'darah', 'warna', 'keruh', 'kencing', 'kencing', 'air', 'seni', 'keluar', 'serta', 'sakit', 'air', 'seni', 'bau', 'sedap', 'perut', 'malu', 'kram', 'nyaman', 'suhu', 'tubuh', 'kadang', 'demam']"
127,385,Infeksi Bakteri,Infeksi Saluran Kemih,24,"['infeksi', 'ginjal', 'pasien', 'demam', 'mual', 'muntah', 'gigil', 'nyeri', 'punggung', 'infeksi', 'kandung', 'kemih', 'pasien', 'rasa', 'tekan', 'pelvis', 'perut', 'buang', 'air', 'kencing', 'darah', 'infeksi', 'uretra', 'pasien', 'rasa', 'nyeri', 'kencing', 'keluar', 'cair', 'uretra']"
128,386,Infeksi Bakteri,Infeksi Saluran Kemih,24,"['urine', 'bau', 'buang', 'air', 'gampang', 'kebelet', 'kantong', 'kemih', 'kosong', 'milik', 'sensasi', 'bakar', 'buang', 'air', 'nyeri', 'bawah', 'perut']"
129,387,Infeksi Bakteri,Infeksi Saluran Kemih,24,"['lemas', 'lelah', 'mudah', 'marah', 'nafsu', 'makan', 'kurang', 'muntah', 'sakit', 'buang', 'air']"
130,388,Infeksi Bakteri,Infeksi Saluran Kemih,24,"['nyeri', 'bakar', 'sengat', 'buang', 'air', 'tubuh', 'demam', 'lemah', 'tingkat', 'frekuensi', 'buang', 'air', 'urine', 'darah', 'urine', 'hematuria', 'urine', 'warna', 'pekat', 'gelap', 'aroma', 'kuat', 'muncul', 'nyeri', 'perut', 'punggung']"
131,400,Infeksi Bakteri,Konjungtivitis (Penyakit Mata Merah),24,"['mata', 'merah', 'kelopak', 'mata', 'bengkak', 'merah', 'mata', 'air', 'mata', 'gatal', 'bakar', 'belek', 'mata', 'buka', 'mata', 'sensitif', 'cahaya', 'benda', 'asing', 'mata', 'ganjal']"
132,401,Infeksi Bakteri,Konjungtivitis (Penyakit Mata Merah),24,"['merah', 'mata', 'mata', 'gatal', 'mata', 'mata', 'ganjal', 'mata', 'mata', 'keluar', 'kotor', 'mata', 'mata', 'mata', 'bentuk', 'kerak', 'malam', 'pagi', 'pagi', 'kelopak', 'mata', 'buka', 'keluar', 'air', 'mata', 'reflex', 'pupil', 'anak', 'mata', 'normal', 'tajam', 'lihat', 'normal']"
133,402,Infeksi Bakteri,Konjungtivitis (Penyakit Mata Merah),24,"['mata', 'merah', 'konjungtivitis', 'air', 'mata', 'gatal', 'merah', 'sekret', 'mata', 'bengkak', 'mata']"
134,403,Infeksi Bakteri,Konjungtivitis (Penyakit Mata Merah),24,"['mata', 'merah', 'putih', 'bola', 'mata', 'kelopak', 'mata', 'lihat', 'dal', 'batas', 'normal', 'gatal', 'bengkak', 'mata', 'air', 'nyeri', 'perih', 'mata', 'sensasi', 'mata', 'pasir', 'sensitif', 'cahaya', 'belek', 'pangkal', 'bulu', 'mata', 'bangun', 'tidur', 'pasien', 'sulit', 'buka', 'mata']"
135,404,Infeksi Bakteri,Konjungtivitis (Penyakit Mata Merah),24,"['mata', 'kasar', 'gatal', 'merah', 'air', 'kelopak', 'mata', 'bengkak', 'gatal', 'mata', 'air', 'mata', 'nyeri', 'mata', 'gatal', 'pandang', 'kabur', 'peka', 'cahaya', 'bentuk', 'keropeng', 'kelopak', 'mata', 'bangun', 'pagi']"
136,405,Infeksi Bakteri,Konjungtivitis (Penyakit Mata Merah),24,"['merah', 'mata', 'gatal', 'mata', 'sensasi', 'pasir', 'mata', 'cair', 'mata', 'bentuk', 'kerak', 'keras', 'malam']"
137,406,Infeksi Bakteri,Konjungtivitis (Penyakit Mata Merah),24,"['mata', 'merah', 'mata', 'air', 'panas', 'mata', 'ganjal', 'alis', 'lengket', 'mata', 'gatal', 'bersin', 'hidung', 'sumbat', 'mata', 'kering', 'sakit', 'titik', 'kelopak', 'mata', 'alergi', 'lensa', 'kontak']"
138,407,Infeksi Bakteri,Konjungtivitis (Penyakit Mata Merah),24,"['mata', 'merah', 'gatal', 'mata', 'pedas', 'mata', 'kotor', 'mata', 'bentuk', 'kerak', 'malam', 'sulit', 'mata', 'buka', 'pagi', 'robek']"
139,408,Infeksi Bakteri,Penyakit Lyme,20,"['demam', 'gigil', 'sakit', 'kepala', 'nyeri', 'otot', 'besar', 'kelenjar', 'getah', 'bening', 'lelah', 'sakit', 'tenggorok', 'ganggu', 'lihat']"
140,409,Infeksi Bakteri,Penyakit Lyme,20,"['artritis', 'salah', 'sendi', 'sendi', 'lutut', 'mati', 'tungkai', 'lengan', 'aritmia', 'ganggu', 'ingat', 'jangka', 'pendek', 'ganggu', 'mental', 'sulit', 'ajak', 'komunikasi', 'sakit', 'kepala', 'berat', 'sulit', 'konsentrasi', 'ensefalopati']"
141,410,Infeksi Bakteri,Penyakit Lyme,20,"['gigil', 'demam', 'besar', 'kelenjar', 'getah', 'bening', 'sakit', 'tenggorok', 'ganggu', 'lihat', 'lelah', 'nyeri', 'otot', 'nyeri', 'kepala']"
142,411,Infeksi Bakteri,Penyakit Lyme,20,"['ruam', 'muncul', 'lokasi', 'gigit', 'kutu', 'gejala', 'saraf', 'semut', 'kebas', 'bells', 'palsy', 'nyeri', 'kepala', 'hebat']"
143,412,Infeksi Bakteri,Penyakit Lyme,20,"['radang', 'sendi', 'sendi', 'ganggu', 'irama', 'jantung', 'ganggu', 'otak', 'ensefalopati', 'hilang', 'ingat', 'jangka', 'pendek', 'ganggu', 'libat', 'cakap', 'sulit', 'konsentrasi', 'ganggu', 'mental', 'kebas', 'kaki', 'tangan']"
144,413,Infeksi Bakteri,Penyakit Lyme,20,"['ruam', 'gejala', 'flu', 'lelah', 'terus', 'nyeri', 'sendi', 'saraf', 'lihat', 'kognitif', 'otak']"
145,414,Infeksi Bakteri,Penyakit Lyme,20,"['demam', 'sakit', 'kepala', 'nyeri', 'otot', 'sendi', 'leher', 'kaku', 'lelah']"
146,431,Infeksi Bakteri,Gingivitis (Radang Gusi),17,"['gusi', 'merah', 'gusi', 'lunak', 'gusi', 'susut', 'gusi', 'mudah', 'darah', 'sikat', 'gigi', 'flossing', 'benang', 'dental', 'gusi', 'sakit', 'sentuh', 'kunyah', 'gusi', 'bengkak', 'gigi', 'sensitif', 'aroma', 'mulut', 'sedap', 'ubah', 'posisi', 'gigi', 'palsu', 'gigi', 'lepas', 'masuk', 'tahap', 'periodontitis']"
147,432,Infeksi Bakteri,Gingivitis (Radang Gusi),17,"['gusi', 'darah', 'bau', 'mulut', 'gigi', 'kurang', 'gigi', 'longgar', 'gusi', 'lengser', 'sakit', 'gigi', 'ulkus', 'merah', 'plak', 'gigi']"
148,433,Infeksi Bakteri,Gingivitis (Radang Gusi),17,"['gusi', 'bengkak', 'bengkak', 'surut', 'kadang', 'lembut', 'mudah', 'darah']"
149,434,Infeksi Bakteri,Gingivitis (Radang Gusi),17,"['gusi', 'bengkak', 'sakit', 'gusi', 'mudah', 'darah', 'gusi', 'warna', 'merah', 'bau', 'mulut', 'enak', 'nyeri', 'makan', 'kunyah']"
150,435,Infeksi Bakteri,Gingivitis (Radang Gusi),17,"['ubah', 'warna', 'gusi', 'merah', 'gusi', 'bengkak', 'bau', 'sedap', 'mulut', 'gusi', 'mudah', 'alami', 'darah']"
151,436,Infeksi Bakteri,Gingivitis (Radang Gusi),17,"['gusi', 'bengkak', 'gusi', 'warna', 'merah', 'merah', 'gelap', 'gusi', 'mudah', 'darah', 'sikat', 'bersih', 'benang', 'gigi', 'bau', 'mulut', 'gusi', 'lunak', 'gigi', 'goyang', 'nyeri', 'kunyah', 'gigi', 'sensitif']"
152,437,Infeksi Bakteri,Gonore (Kencing Nanah),25,"['frekuensi', 'buang', 'air', 'keluar', 'nanah', 'penis', 'tetes', 'cair', 'warna', 'putih', 'kuning', 'krem', 'hijau', 'bengkak', 'merah', 'buka', 'penis', 'bengkak', 'nyeri', 'testis', 'sakit', 'tenggorok', 'terus']"
153,438,Infeksi Bakteri,Gonore (Kencing Nanah),25,"['cair', 'vagina', 'air', 'rupa', 'krim', 'hijau', 'buang', 'air', 'sensasi', 'nyeri', 'panas', 'frekuensi', 'buang', 'air', 'muncul', 'bercak', 'darah', 'darah', 'menstruasi', 'nyeri', 'hubung', 'seksual', 'nyeri', 'rasa', 'perut', 'nyeri', 'panggul', 'bengkak', 'vulva', 'bakar', 'panas', 'tenggorok', 'oral', 'seks', 'demam']"
154,439,Infeksi Bakteri,Gonore (Kencing Nanah),25,"['keluar', 'nanah', 'penis', 'sakit', 'buang', 'air']"
155,440,Infeksi Bakteri,Gonore (Kencing Nanah),25,"['nanah', 'ujung', 'penis', 'nyeri', 'buang', 'air', 'bengkak', 'nyeri', 'salah', 'testis', 'ujung', 'penis', 'merah', 'bengkak']"
156,441,Infeksi Virus,Gonore (Kencing Nanah),25,"['nyeri', 'buang', 'air', 'hubung', 'intim', 'tambah', 'frekuensi', 'buang', 'air', 'sakit', 'perut', 'panggul', 'putih', 'darah', 'vagina', 'hubung', 'seksual', 'darah', 'vagina', 'menstruasi', 'menstruasi']"
157,442,Infeksi Virus,Gonore (Kencing Nanah),25,"['sensasi', 'panas', 'buang', 'air', 'cair', 'nanah', 'penis', 'vagina', 'dubur']"
158,443,Infeksi Virus,Gonore (Kencing Nanah),25,"['sakit', 'nyeri', 'buang', 'air', 'keluar', 'cair', 'kental', 'warna', 'kuning', 'hijau', 'vagina', 'penis']"
159,461,,Herpes Zoster,18,"['belang', 'merah', 'lepuh', 'isi', 'cair', 'mudah', 'pecah', 'ruam', 'limut', 'tulang', 'torso', 'ruam', 'wajah', 'telinga', 'gatal', 'demam', 'panas-dingin', 'sakit', 'kepala', 'lelah', 'lemah', 'otot']"
160,462,,Herpes Zoster,18,"['ruam', 'timbul', 'sisi', 'tubuh', 'sesuai', 'saraf', 'infeksi', 'nyeri', 'panas', 'bakar', 'tusuk', 'benda', 'tajam', 'ruam', 'ruam', 'luka', 'lepuh', 'isi', 'air', 'gatal', 'rupa', 'bintil', 'cacar', 'air', 'lepuh', 'ering', 'ubah', 'koreng', 'gatal', 'mati', 'ruam', 'serta', 'demam', 'nyeri', 'kepala', 'sensitif', 'cahaya', 'lelah']"
161,463,,Herpes Zoster,18,"['nyeri', 'kulit', 'timbul', 'ruam', 'kulit', 'nyeri', 'ruam', 'sisi', 'tubuh', 'demam', 'nyeri', 'kepala', 'enak', 'badan', 'nafsu', 'makan', 'sensitif', 'cahaya']"
162,464,,Herpes Zoster,18,"['bercak', 'merah', 'muncul', 'gelembung', 'isi', 'air', 'serta', 'gejala', 'demam', 'lemas', 'nyeri', 'kulit']"
